{"armature":[{"slot":[{"name":"baozha1","parent":"baozha1","color":{}},{"z":1,"name":"baozha11","parent":"baozha11","color":{}},{"z":2,"name":"baozha12","parent":"baozha12","color":{}},{"z":3,"name":"baozha13","parent":"baozha13","color":{}},{"z":4,"name":"baozha2","parent":"baozha2","color":{}},{"z":5,"name":"baozha3","parent":"baozha3","color":{}},{"z":6,"name":"baozha31","parent":"baozha31","color":{}},{"z":7,"name":"baozha32","parent":"baozha32","color":{}},{"z":8,"name":"baozha33","parent":"baozha33","color":{}},{"z":9,"name":"baozha34","parent":"baozha34","color":{}},{"z":10,"name":"baozha35","parent":"baozha35","color":{}},{"z":11,"name":"baozha36","parent":"baozha36","color":{}},{"z":12,"name":"baozha37","parent":"baozha37","color":{}},{"z":13,"name":"baozha38","parent":"baozha38","color":{}}],"type":"Armature","frameRate":24,"aabb":{"width":532.2934,"y":-255.1498,"height":502.9207,"x":-264.14705000000004},"defaultActions":[{"gotoAndPlay":"baozha"}],"animation":[{"slot":[{"frame":[{"tweenEasing":0,"color":{"aM":0},"duration":3},{"tweenEasing":0,"color":{"aM":50},"duration":4},{"tweenEasing":0,"duration":4},{"tweenEasing":0,"color":{"aM":80},"duration":5},{"tweenEasing":null,"color":{"aM":0},"duration":0}],"name":"baozha1"},{"frame":[{"tweenEasing":0,"color":{"aM":0},"duration":3},{"tweenEasing":0,"color":{"aM":50},"duration":4},{"tweenEasing":0,"duration":4},{"tweenEasing":0,"color":{"aM":80},"duration":5},{"tweenEasing":null,"color":{"aM":0},"duration":0}],"name":"baozha11"},{"frame":[{"tweenEasing":0,"color":{"aM":0},"duration":3},{"tweenEasing":0,"color":{"aM":50},"duration":4},{"tweenEasing":0,"duration":4},{"tweenEasing":0,"color":{"aM":80},"duration":5},{"tweenEasing":null,"color":{"aM":0},"duration":0}],"name":"baozha12"},{"frame":[{"tweenEasing":0,"color":{"aM":0},"duration":3},{"tweenEasing":0,"color":{"aM":50},"duration":4},{"tweenEasing":0,"duration":4},{"tweenEasing":0,"color":{"aM":80},"duration":5},{"tweenEasing":null,"color":{"aM":0},"duration":0}],"name":"baozha13"},{"frame":[{"tweenEasing":0,"color":{"aM":0},"duration":7},{"tweenEasing":0,"duration":4},{"tweenEasing":null,"color":{"aM":0},"duration":5}],"name":"baozha2"},{"frame":[{"tweenEasing":0,"duration":8},{"tweenEasing":0,"duration":8},{"tweenEasing":null,"color":{"aM":0},"duration":0}],"name":"baozha3"},{"frame":[{"tweenEasing":0,"duration":3},{"tweenEasing":0,"duration":5},{"tweenEasing":0,"duration":7},{"tweenEasing":null,"color":{"aM":0},"duration":1}],"name":"baozha31"},{"frame":[{"tweenEasing":0,"duration":3},{"tweenEasing":0,"duration":5},{"tweenEasing":0,"duration":6},{"tweenEasing":null,"color":{"aM":0},"duration":2}],"name":"baozha32"},{"frame":[{"tweenEasing":0,"duration":3},{"tweenEasing":0,"duration":5},{"tweenEasing":0,"duration":5},{"tweenEasing":null,"color":{"aM":0},"duration":3}],"name":"baozha33"},{"frame":[{"tweenEasing":0,"duration":3},{"tweenEasing":0,"duration":5},{"tweenEasing":0,"duration":4},{"tweenEasing":null,"color":{"aM":0},"duration":4}],"name":"baozha34"},{"frame":[{"tweenEasing":0,"duration":3},{"tweenEasing":0,"duration":5},{"tweenEasing":0,"duration":5},{"tweenEasing":null,"color":{"aM":0},"duration":3}],"name":"baozha35"},{"frame":[{"tweenEasing":0,"duration":3},{"tweenEasing":0,"duration":5},{"tweenEasing":0,"duration":7},{"tweenEasing":null,"color":{"aM":0},"duration":1}],"name":"baozha36"},{"frame":[{"tweenEasing":0,"duration":3},{"tweenEasing":0,"duration":5},{"tweenEasing":0,"duration":6},{"tweenEasing":null,"color":{"aM":0},"duration":2}],"name":"baozha37"},{"frame":[{"tweenEasing":0,"duration":3},{"tweenEasing":0,"duration":5},{"tweenEasing":0,"duration":6},{"tweenEasing":null,"color":{"aM":0},"duration":2}],"name":"baozha38"}],"frame":[],"duration":16,"playTimes":0,"bone":[{"frame":[{"duration":16,"transform":{}}],"name":"root"},{"frame":[{"duration":11,"tweenEasing":0,"transform":{"scX":0.01}},{"duration":5,"tweenEasing":0,"transform":{"scX":0.6906,"x":17.1875}},{"duration":0,"transform":{"scY":0.5,"x":25}}],"name":"baozha1"},{"frame":[{"duration":11,"tweenEasing":0,"transform":{"scX":0.01}},{"duration":5,"tweenEasing":0,"transform":{"scX":0.6906,"x":-17.1875}},{"duration":0,"transform":{"scY":0.5,"x":-25}}],"name":"baozha11"},{"frame":[{"duration":11,"tweenEasing":0,"transform":{"scX":0.01}},{"duration":5,"tweenEasing":0,"transform":{"y":17.1875,"scX":0.6906}},{"duration":0,"transform":{"y":25,"scY":0.5}}],"name":"baozha12"},{"frame":[{"duration":11,"tweenEasing":0,"transform":{"scX":0.01}},{"duration":5,"tweenEasing":0,"transform":{"y":-17.1875,"scX":0.6481}},{"duration":0,"transform":{"y":-25,"scX":0.9381,"scY":0.5}}],"name":"baozha13"},{"frame":[{"duration":2,"tweenEasing":0,"transform":{"scX":0.01,"scY":0.01}},{"duration":5,"tweenEasing":0,"transform":{"scX":0.01,"scY":0.01}},{"duration":7,"tweenEasing":0,"transform":{"scX":1.2,"scY":1.2}},{"duration":2,"transform":{"scX":2.3,"scY":2.3}}],"name":"baozha2"},{"frame":[{"duration":8,"tweenEasing":0,"transform":{"scX":0.01,"scY":0.01}},{"duration":8,"tweenEasing":0,"transform":{}},{"duration":0,"transform":{"scX":1.8,"scY":1.8}}],"name":"baozha3"},{"frame":[{"duration":3,"tweenEasing":0,"transform":{"y":-175.0868,"scX":0.0333,"scY":0.0333,"x":-216.3928}},{"duration":12,"tweenEasing":0,"transform":{"y":-175.0868,"scX":0.0333,"scY":0.0333,"x":-216.3928}},{"duration":1,"transform":{"y":-108.0185,"scX":0.8067,"scY":0.8067,"x":-130.2129}}],"name":"baozha31"},{"frame":[{"duration":3,"tweenEasing":0,"transform":{"y":-168.6405,"scX":0.0333,"scY":0.0333,"x":-111.16955}},{"duration":11,"tweenEasing":0,"transform":{"y":-168.6405,"scX":0.0333,"scY":0.0333,"x":-111.16955}},{"duration":2,"transform":{"y":-33.8586,"x":-16.8836}}],"name":"baozha32"},{"frame":[{"duration":3,"tweenEasing":0,"transform":{"y":142.8161,"scX":0.0333,"scY":0.0333,"x":-220.39635}},{"duration":11,"tweenEasing":0,"transform":{"y":142.8161,"scX":0.0333,"scY":0.0333,"x":-220.39635}},{"duration":2,"transform":{"y":33.19435,"x":-58.53355}}],"name":"baozha33"},{"frame":[{"duration":3,"tweenEasing":0,"transform":{"y":207.3998,"scX":0.0333,"scY":0.0333,"x":-147.85195}},{"duration":9,"tweenEasing":0,"transform":{"y":207.3998,"scX":0.0333,"scY":0.0333,"x":-147.85195}},{"duration":4,"transform":{"y":66.3826,"x":-61.1319}}],"name":"baozha34"},{"frame":[{"duration":3,"tweenEasing":0,"transform":{"y":-200.0209,"scX":0.0333,"scY":0.0333,"x":150.73445}},{"duration":10,"tweenEasing":0,"transform":{"y":-200.0209,"scX":0.0333,"scY":0.0333,"x":150.73445}},{"duration":3,"transform":{"y":-69.45475,"x":60.1403}}],"name":"baozha35"},{"frame":[{"duration":3,"tweenEasing":0,"transform":{"y":-130.88685,"scX":0.0333,"scY":0.0333,"x":194.7231}},{"duration":12,"tweenEasing":0,"transform":{"y":-130.88685,"scX":0.0333,"scY":0.0333,"x":194.7231}},{"duration":1,"transform":{"y":-58.7156,"scX":0.9356,"scY":0.9356,"x":62.41395}}],"name":"baozha36"},{"frame":[{"duration":3,"tweenEasing":0,"transform":{"y":175.4641,"scX":0.0333,"scY":0.0333,"x":216.39705}},{"duration":11,"tweenEasing":0,"transform":{"y":175.4641,"scX":0.0333,"scY":0.0333,"x":216.39705}},{"duration":2,"transform":{"y":83.8978,"x":97.4371}}],"name":"baozha37"},{"frame":[{"duration":3,"tweenEasing":0,"transform":{"y":200.7853,"scX":0.0333,"scY":0.0333,"x":120.55065}},{"duration":11,"tweenEasing":0,"transform":{"y":200.7853,"scX":0.0333,"scY":0.0333,"x":120.55065}},{"duration":2,"transform":{"y":26.2796,"x":14.599}}],"name":"baozha38"}],"ffd":[],"name":"baozha"}],"skin":[{"name":"","slot":[{"display":[{"path":"baozha3","type":"image","name":"baozha3","transform":{}}],"name":"baozha37"},{"display":[{"path":"baozha3","type":"image","name":"baozha3","transform":{}}],"name":"baozha35"},{"display":[{"path":"baozha3","type":"image","name":"baozha3","transform":{}}],"name":"baozha33"},{"display":[{"path":"baozha3","type":"image","name":"baozha3","transform":{}}],"name":"baozha31"},{"display":[{"path":"baozha2","type":"image","name":"baozha2","transform":{}}],"name":"baozha2"},{"display":[{"path":"baozha1","type":"image","name":"baozha1","transform":{"x":115}}],"name":"baozha12"},{"display":[{"path":"baozha1","type":"image","name":"baozha1","transform":{"x":115}}],"name":"baozha1"},{"display":[{"path":"baozha3","type":"image","name":"baozha3","transform":{}}],"name":"baozha38"},{"display":[{"path":"baozha3","type":"image","name":"baozha3","transform":{}}],"name":"baozha36"},{"display":[{"path":"baozha3","type":"image","name":"baozha3","transform":{}}],"name":"baozha34"},{"display":[{"path":"baozha3","type":"image","name":"baozha3","transform":{}}],"name":"baozha32"},{"display":[{"path":"baozha3","type":"image","name":"baozha3","transform":{}}],"name":"baozha3"},{"display":[{"path":"baozha1","type":"image","name":"baozha1","transform":{"x":115}}],"name":"baozha13"},{"display":[{"path":"baozha1","type":"image","name":"baozha1","transform":{"x":115}}],"name":"baozha11"}]}],"bone":[{"name":"root","transform":{}},{"transform":{},"name":"baozha1","parent":"root"},{"transform":{"skX":180,"skY":180},"name":"baozha11","parent":"root"},{"transform":{"skX":90,"skY":90},"name":"baozha12","parent":"root"},{"transform":{"skX":-90,"skY":-90},"name":"baozha13","parent":"root"},{"transform":{},"name":"baozha2","parent":"root"},{"transform":{},"name":"baozha3","parent":"root"},{"transform":{"y":175.0868,"scX":0.3,"scY":0.3,"x":216.3928},"name":"baozha31","parent":"root"},{"transform":{"y":168.6405,"scX":0.3,"scY":0.3,"x":111.16955},"name":"baozha32","parent":"root"},{"transform":{"y":-142.8161,"scX":0.3,"scY":0.3,"x":220.39635},"name":"baozha33","parent":"root"},{"transform":{"y":-207.3998,"scX":0.3,"scY":0.3,"x":147.85195},"name":"baozha34","parent":"root"},{"transform":{"y":200.0209,"scX":0.3,"scY":0.3,"x":-150.73445},"name":"baozha35","parent":"root"},{"transform":{"y":130.88685,"scX":0.3,"scY":0.3,"x":-194.7231},"name":"baozha36","parent":"root"},{"transform":{"y":-175.4641,"scX":0.3,"scY":0.3,"x":-216.39705},"name":"baozha37","parent":"root"},{"transform":{"y":-200.7853,"scX":0.3,"scY":0.3,"x":-120.55065},"name":"baozha38","parent":"root"}],"name":"TXbaozha","ik":[]},{"slot":[{"blendMode":"add","parent":"bone0","name":"hudun1","color":{}},{"blendMode":"add","z":1,"parent":"bone11","name":"hudun11","color":{}},{"blendMode":"add","z":2,"parent":"bone12","name":"hudun12","color":{}},{"blendMode":"add","z":3,"parent":"bone13","name":"hudun13","color":{}},{"blendMode":"add","z":4,"parent":"bone14","name":"hudun14","color":{}},{"blendMode":"add","z":5,"parent":"bone15","name":"hudun15","color":{}},{"blendMode":"add","z":6,"parent":"bone16","name":"hudun16","color":{}},{"blendMode":"add","z":7,"parent":"bone2","name":"hudun2","color":{}},{"blendMode":"add","z":8,"parent":"bone21","name":"hudun21","color":{}},{"blendMode":"add","z":9,"parent":"bone22","name":"hudun22","color":{}},{"blendMode":"add","z":10,"parent":"bone23","name":"hudun23","color":{}},{"blendMode":"add","z":11,"parent":"bone24","name":"hudun24","color":{}},{"blendMode":"add","z":12,"parent":"bone25","name":"hudun25","color":{}},{"blendMode":"add","z":13,"parent":"bone3","name":"hudun3","color":{}},{"blendMode":"add","z":14,"parent":"bone31","name":"hudun31","color":{}},{"blendMode":"add","z":15,"parent":"bone32","name":"hudun32","color":{}},{"blendMode":"add","z":16,"parent":"bone33","name":"hudun33","color":{}},{"blendMode":"add","z":17,"parent":"bone34","name":"hudun34","color":{}},{"blendMode":"add","z":18,"parent":"bone35","name":"hudun35","color":{}}],"type":"Armature","frameRate":24,"aabb":{"width":106.5,"y":-55.25,"height":110.5,"x":-53.25},"defaultActions":[{"gotoAndPlay":"wudi"}],"animation":[{"slot":[{"frame":[{"tweenEasing":0,"color":{"aM":20},"duration":10},{"tweenEasing":0,"duration":10},{"tweenEasing":null,"color":{"aM":20},"duration":10}],"name":"hudun1"},{"frame":[{"tweenEasing":0,"color":{"aM":11},"duration":5},{"tweenEasing":0,"color":{"aM":15},"duration":10},{"tweenEasing":0,"color":{"aM":65},"duration":10},{"tweenEasing":null,"color":{"aM":11},"duration":5}],"name":"hudun11"},{"frame":[{"tweenEasing":0,"color":{"aM":11},"duration":5},{"tweenEasing":0,"color":{"aM":15},"duration":10},{"tweenEasing":0,"color":{"aM":65},"duration":10},{"tweenEasing":null,"color":{"aM":11},"duration":5}],"name":"hudun12"},{"frame":[{"tweenEasing":0,"color":{"aM":11},"duration":5},{"tweenEasing":0,"color":{"aM":15},"duration":10},{"tweenEasing":0,"color":{"aM":65},"duration":10},{"tweenEasing":null,"color":{"aM":11},"duration":5}],"name":"hudun13"},{"frame":[{"tweenEasing":0,"color":{"aM":11},"duration":5},{"tweenEasing":0,"color":{"aM":15},"duration":10},{"tweenEasing":0,"color":{"aM":65},"duration":10},{"tweenEasing":null,"color":{"aM":11},"duration":5}],"name":"hudun14"},{"frame":[{"tweenEasing":0,"color":{"aM":11},"duration":5},{"tweenEasing":0,"color":{"aM":15},"duration":10},{"tweenEasing":0,"color":{"aM":65},"duration":10},{"tweenEasing":null,"color":{"aM":11},"duration":5}],"name":"hudun15"},{"frame":[{"tweenEasing":0,"color":{"aM":15},"duration":5},{"tweenEasing":0,"color":{"aM":15},"duration":10},{"tweenEasing":0,"color":{"aM":65},"duration":10},{"tweenEasing":null,"color":{"aM":11},"duration":5}],"name":"hudun16"},{"frame":[{"tweenEasing":0,"color":{"aM":5},"duration":10},{"tweenEasing":0,"color":{"aM":10},"duration":10},{"tweenEasing":0,"color":{"aM":50},"duration":10},{"tweenEasing":null,"color":{"aM":10},"duration":0}],"name":"hudun2"},{"frame":[{"tweenEasing":0,"color":{"aM":5},"duration":10},{"tweenEasing":0,"color":{"aM":10},"duration":10},{"tweenEasing":0,"color":{"aM":50},"duration":10},{"tweenEasing":null,"color":{"aM":10},"duration":0}],"name":"hudun21"},{"frame":[{"tweenEasing":0,"color":{"aM":5},"duration":10},{"tweenEasing":0,"color":{"aM":10},"duration":10},{"tweenEasing":0,"color":{"aM":50},"duration":10},{"tweenEasing":null,"color":{"aM":10},"duration":0}],"name":"hudun22"},{"frame":[{"tweenEasing":0,"color":{"aM":5},"duration":10},{"tweenEasing":0,"color":{"aM":10},"duration":10},{"tweenEasing":0,"color":{"aM":50},"duration":10},{"tweenEasing":null,"color":{"aM":10},"duration":0}],"name":"hudun23"},{"frame":[{"tweenEasing":0,"color":{"aM":5},"duration":10},{"tweenEasing":0,"color":{"aM":10},"duration":10},{"tweenEasing":0,"color":{"aM":50},"duration":10},{"tweenEasing":null,"color":{"aM":10},"duration":0}],"name":"hudun24"},{"frame":[{"tweenEasing":0,"color":{"aM":5},"duration":10},{"tweenEasing":0,"color":{"aM":10},"duration":10},{"tweenEasing":0,"color":{"aM":50},"duration":10},{"tweenEasing":null,"color":{"aM":10},"duration":0}],"name":"hudun25"},{"frame":[{"tweenEasing":0,"color":{"aM":5},"duration":10},{"tweenEasing":0,"color":{"aM":10},"duration":10},{"tweenEasing":0,"color":{"aM":50},"duration":10},{"tweenEasing":null,"color":{"aM":10},"duration":0}],"name":"hudun3"},{"frame":[{"tweenEasing":0,"color":{"aM":5},"duration":10},{"tweenEasing":0,"color":{"aM":10},"duration":10},{"tweenEasing":0,"color":{"aM":50},"duration":10},{"tweenEasing":null,"color":{"aM":10},"duration":0}],"name":"hudun31"},{"frame":[{"tweenEasing":0,"color":{"aM":5},"duration":10},{"tweenEasing":0,"color":{"aM":10},"duration":10},{"tweenEasing":0,"color":{"aM":50},"duration":10},{"tweenEasing":null,"color":{"aM":10},"duration":0}],"name":"hudun32"},{"frame":[{"tweenEasing":0,"color":{"aM":5},"duration":10},{"tweenEasing":0,"color":{"aM":10},"duration":10},{"tweenEasing":0,"color":{"aM":50},"duration":10},{"tweenEasing":null,"color":{"aM":10},"duration":0}],"name":"hudun33"},{"frame":[{"tweenEasing":0,"color":{"aM":5},"duration":10},{"tweenEasing":0,"color":{"aM":10},"duration":10},{"tweenEasing":0,"color":{"aM":50},"duration":10},{"tweenEasing":null,"color":{"aM":10},"duration":0}],"name":"hudun34"},{"frame":[{"tweenEasing":0,"color":{"aM":5},"duration":10},{"tweenEasing":0,"color":{"aM":10},"duration":10},{"tweenEasing":0,"color":{"aM":50},"duration":10},{"tweenEasing":null,"color":{"aM":10},"duration":0}],"name":"hudun35"}],"frame":[],"duration":30,"playTimes":0,"bone":[{"frame":[{"duration":30,"transform":{}}],"name":"root"},{"frame":[{"duration":10,"tweenEasing":0,"transform":{}},{"duration":10,"tweenEasing":0,"transform":{"scX":1.2,"scY":1.2}},{"duration":10,"transform":{}}],"name":"bone0"},{"frame":[{"duration":5,"tweenEasing":0,"transform":{}},{"duration":10,"tweenEasing":0,"transform":{}},{"duration":10,"tweenEasing":0,"transform":{"scX":1.1,"scY":1.1,"x":2}},{"duration":5,"transform":{}}],"name":"bone11"},{"frame":[{"duration":5,"tweenEasing":0,"transform":{}},{"duration":10,"tweenEasing":0,"transform":{}},{"duration":10,"tweenEasing":0,"transform":{"scX":1.1,"scY":1.1,"x":-2}},{"duration":5,"transform":{}}],"name":"bone12"},{"frame":[{"duration":5,"tweenEasing":0,"transform":{}},{"duration":10,"tweenEasing":0,"transform":{}},{"duration":10,"tweenEasing":0,"transform":{"y":2,"scX":1.1,"scY":1.1,"x":1}},{"duration":5,"transform":{}}],"name":"bone13"},{"frame":[{"duration":5,"tweenEasing":0,"transform":{}},{"duration":10,"tweenEasing":0,"transform":{}},{"duration":10,"tweenEasing":0,"transform":{"y":2,"scX":1.1,"scY":1.1,"x":-1}},{"duration":5,"transform":{}}],"name":"bone14"},{"frame":[{"duration":5,"tweenEasing":0,"transform":{}},{"duration":10,"tweenEasing":0,"transform":{}},{"duration":10,"tweenEasing":0,"transform":{"y":-2,"scX":1.1,"scY":1.1,"x":1}},{"duration":5,"transform":{}}],"name":"bone15"},{"frame":[{"duration":5,"tweenEasing":0,"transform":{}},{"duration":10,"tweenEasing":0,"transform":{}},{"duration":10,"tweenEasing":0,"transform":{"y":-2,"scX":1.1,"scY":1.1,"x":-1}},{"duration":5,"transform":{}}],"name":"bone16"},{"frame":[{"duration":10,"tweenEasing":0,"transform":{}},{"duration":10,"tweenEasing":0,"transform":{}},{"duration":10,"tweenEasing":0,"transform":{"scX":1.1,"scY":1.1,"x":2}},{"duration":0,"transform":{}}],"name":"bone2"},{"frame":[{"duration":10,"tweenEasing":0,"transform":{}},{"duration":10,"tweenEasing":0,"transform":{}},{"duration":10,"tweenEasing":0,"transform":{"y":1,"scX":1.1,"scY":1.1,"x":1}},{"duration":0,"transform":{}}],"name":"bone21"},{"frame":[{"duration":10,"tweenEasing":0,"transform":{}},{"duration":10,"tweenEasing":0,"transform":{}},{"duration":10,"tweenEasing":0,"transform":{"y":1,"scX":1.1,"scY":1.1,"x":-1}},{"duration":0,"transform":{}}],"name":"bone22"},{"frame":[{"duration":10,"tweenEasing":0,"transform":{}},{"duration":10,"tweenEasing":0,"transform":{}},{"duration":10,"tweenEasing":0,"transform":{"scX":1.1,"scY":1.1,"x":-2}},{"duration":0,"transform":{}}],"name":"bone23"},{"frame":[{"duration":10,"tweenEasing":0,"transform":{}},{"duration":10,"tweenEasing":0,"transform":{}},{"duration":10,"tweenEasing":0,"transform":{"y":-1,"scX":1.1,"scY":1.1,"x":1}},{"duration":0,"transform":{}}],"name":"bone24"},{"frame":[{"duration":10,"tweenEasing":0,"transform":{}},{"duration":10,"tweenEasing":0,"transform":{}},{"duration":10,"tweenEasing":0,"transform":{"y":-1,"scX":1.1,"scY":1.1,"x":-1}},{"duration":0,"transform":{}}],"name":"bone25"},{"frame":[{"duration":10,"tweenEasing":0,"transform":{}},{"duration":10,"tweenEasing":0,"transform":{}},{"duration":10,"tweenEasing":0,"transform":{"y":1.5,"scX":1.1,"scY":1.1}},{"duration":0,"transform":{}}],"name":"bone3"},{"frame":[{"duration":10,"tweenEasing":0,"transform":{}},{"duration":10,"tweenEasing":0,"transform":{}},{"duration":10,"tweenEasing":0,"transform":{"y":1.5,"scX":1.1,"scY":1.1,"x":-2}},{"duration":0,"transform":{}}],"name":"bone31"},{"frame":[{"duration":10,"tweenEasing":0,"transform":{}},{"duration":10,"tweenEasing":0,"transform":{}},{"duration":10,"tweenEasing":0,"transform":{"y":-1.5,"scX":1.1,"scY":1.1,"x":-2}},{"duration":0,"transform":{}}],"name":"bone32"},{"frame":[{"duration":10,"tweenEasing":0,"transform":{}},{"duration":10,"tweenEasing":0,"transform":{}},{"duration":10,"tweenEasing":0,"transform":{"y":-1.5,"scX":1.1,"scY":1.1}},{"duration":0,"transform":{}}],"name":"bone33"},{"frame":[{"duration":10,"tweenEasing":0,"transform":{}},{"duration":10,"tweenEasing":0,"transform":{}},{"duration":10,"tweenEasing":0,"transform":{"y":-1.5,"scX":1.1,"scY":1.1,"x":2}},{"duration":0,"transform":{}}],"name":"bone34"},{"frame":[{"duration":10,"tweenEasing":0,"transform":{}},{"duration":10,"tweenEasing":0,"transform":{}},{"duration":10,"tweenEasing":0,"transform":{"y":1.5,"scX":1.1,"scY":1.1,"x":2}},{"duration":0,"transform":{}}],"name":"bone35"}],"ffd":[],"name":"wudi"}],"skin":[{"name":"","slot":[{"display":[{"path":"hudun1","type":"image","name":"hudun1","transform":{}}],"blendMode":"add","name":"hudun16"},{"display":[{"path":"hudun1","type":"image","name":"hudun1","transform":{}}],"blendMode":"add","name":"hudun14"},{"display":[{"path":"hudun1","type":"image","name":"hudun1","transform":{}}],"blendMode":"add","name":"hudun12"},{"display":[{"path":"hudun3","type":"image","name":"hudun3","transform":{}}],"blendMode":"add","name":"hudun34"},{"display":[{"path":"hudun1","type":"image","name":"hudun1","transform":{}}],"blendMode":"add","name":"hudun1"},{"display":[{"path":"hudun3","type":"image","name":"hudun3","transform":{}}],"blendMode":"add","name":"hudun32"},{"display":[{"path":"hudun3","type":"image","name":"hudun3","transform":{}}],"blendMode":"add","name":"hudun3"},{"display":[{"path":"hudun2","type":"image","name":"hudun2","transform":{}}],"blendMode":"add","name":"hudun24"},{"display":[{"path":"hudun2","type":"image","name":"hudun2","transform":{}}],"blendMode":"add","name":"hudun22"},{"display":[{"path":"hudun2","type":"image","name":"hudun2","transform":{}}],"blendMode":"add","name":"hudun2"},{"display":[{"path":"hudun1","type":"image","name":"hudun1","transform":{}}],"blendMode":"add","name":"hudun15"},{"display":[{"path":"hudun1","type":"image","name":"hudun1","transform":{}}],"blendMode":"add","name":"hudun13"},{"display":[{"path":"hudun3","type":"image","name":"hudun3","transform":{}}],"blendMode":"add","name":"hudun35"},{"display":[{"path":"hudun1","type":"image","name":"hudun1","transform":{}}],"blendMode":"add","name":"hudun11"},{"display":[{"path":"hudun3","type":"image","name":"hudun3","transform":{}}],"blendMode":"add","name":"hudun33"},{"display":[{"path":"hudun3","type":"image","name":"hudun3","transform":{}}],"blendMode":"add","name":"hudun31"},{"display":[{"path":"hudun2","type":"image","name":"hudun2","transform":{}}],"blendMode":"add","name":"hudun25"},{"display":[{"path":"hudun2","type":"image","name":"hudun2","transform":{}}],"blendMode":"add","name":"hudun23"},{"display":[{"path":"hudun2","type":"image","name":"hudun2","transform":{}}],"blendMode":"add","name":"hudun21"}]}],"bone":[{"name":"root","transform":{}},{"transform":{},"name":"bone0","parent":"root"},{"transform":{"x":27},"name":"bone11","parent":"root"},{"transform":{"x":-27},"name":"bone12","parent":"root"},{"transform":{"y":24,"x":13.5},"name":"bone13","parent":"root"},{"transform":{"y":24,"x":-13.5},"name":"bone14","parent":"root"},{"transform":{"y":-24,"x":13.5},"name":"bone15","parent":"root"},{"transform":{"y":-24,"x":-13.5},"name":"bone16","parent":"root"},{"transform":{"x":47.5},"name":"bone2","parent":"root"},{"transform":{"y":42.5,"skX":60,"skY":60,"x":24},"name":"bone21","parent":"root"},{"transform":{"y":42.5,"skX":120,"skY":120,"x":-24},"name":"bone22","parent":"root"},{"transform":{"skX":180,"skY":180,"x":-47.5},"name":"bone23","parent":"root"},{"transform":{"y":-42.5,"skX":-60,"skY":-60,"x":24},"name":"bone24","parent":"root"},{"transform":{"y":-42.5,"skX":-120,"skY":-120,"x":-24},"name":"bone25","parent":"root"},{"transform":{"y":44.25},"name":"bone3","parent":"root"},{"transform":{"y":22,"skX":60,"skY":60,"x":-37.25},"name":"bone31","parent":"root"},{"transform":{"y":-22,"skX":120,"skY":120,"x":-37.25},"name":"bone32","parent":"root"},{"transform":{"y":-44.25,"skX":180,"skY":180},"name":"bone33","parent":"root"},{"transform":{"y":-22,"skX":-120,"skY":-120,"x":37.25},"name":"bone34","parent":"root"},{"transform":{"y":22,"skX":-60,"skY":-60,"x":37.25},"name":"bone35","parent":"root"}],"name":"TXwudi","ik":[]},{"slot":[{"name":"huifu2","parent":"huifu2","color":{}},{"z":1,"name":"huifu1","parent":"huifu1","color":{}}],"type":"Armature","frameRate":24,"aabb":{"width":39,"y":-19.5,"height":39,"x":-19.5},"defaultActions":[{"gotoAndPlay":"huifu"}],"animation":[{"slot":[],"frame":[],"duration":20,"playTimes":0,"bone":[{"frame":[{"duration":20,"transform":{}}],"name":"root"},{"frame":[{"duration":2,"tweenEasing":0,"transform":{}},{"duration":2,"tweenEasing":0,"transform":{}},{"duration":2,"tweenEasing":0,"transform":{"scX":1.1,"scY":1.1}},{"duration":10,"tweenEasing":0,"transform":{}},{"duration":2,"tweenEasing":0,"transform":{}},{"duration":2,"tweenEasing":0,"transform":{"scX":1.1,"scY":1.1}},{"duration":0,"transform":{}}],"name":"huifu1"},{"frame":[{"duration":2,"tweenEasing":0,"transform":{}},{"duration":2,"tweenEasing":0,"transform":{"scX":1.3,"scY":1.3}},{"duration":3,"tweenEasing":0,"transform":{}},{"duration":2,"tweenEasing":0,"transform":{"scX":0.5,"scY":0.5}},{"duration":2,"tweenEasing":0,"transform":{"scX":0.7,"scY":0.7}},{"duration":3,"tweenEasing":0,"transform":{"scX":0.5,"scY":0.5}},{"duration":2,"tweenEasing":0,"transform":{}},{"duration":2,"tweenEasing":0,"transform":{"scX":1.3,"scY":1.3}},{"duration":2,"transform":{}}],"name":"huifu2"}],"ffd":[],"name":"huifu"}],"skin":[{"name":"","slot":[{"display":[{"path":"huifu1","type":"image","name":"huifu1","transform":{}}],"name":"huifu1"},{"display":[{"path":"huifu2","type":"image","name":"huifu2","transform":{"y":1.25}}],"name":"huifu2"}]}],"bone":[{"name":"root","transform":{}},{"transform":{},"name":"huifu1","parent":"root"},{"transform":{},"name":"huifu2","parent":"root"}],"name":"HPhuifu","ik":[]}],"frameRate":24,"name":"XFJtexiao_ske","version":"4.5","isGlobal":0}