{"frameRate":24,"isGlobal":0,"armature":[{"defaultActions":[{"gotoAndPlay":"baozha"}],"type":"Armature","frameRate":24,"skin":[{"slot":[{"display":[{"path":"baozha3","type":"image","name":"baozha3","transform":{}}],"name":"baozha37"},{"display":[{"path":"baozha3","type":"image","name":"baozha3","transform":{}}],"name":"baozha35"},{"display":[{"path":"baozha3","type":"image","name":"baozha3","transform":{}}],"name":"baozha33"},{"display":[{"path":"baozha3","type":"image","name":"baozha3","transform":{}}],"name":"baozha31"},{"display":[{"path":"baozha2","type":"image","name":"baozha2","transform":{}}],"name":"baozha2"},{"display":[{"path":"baozha1","type":"image","name":"baozha1","transform":{"x":92}}],"name":"baozha12"},{"display":[{"path":"baozha1","type":"image","name":"baozha1","transform":{"x":92}}],"name":"baozha1"},{"display":[{"path":"baozha3","type":"image","name":"baozha3","transform":{}}],"name":"baozha38"},{"display":[{"path":"baozha3","type":"image","name":"baozha3","transform":{}}],"name":"baozha36"},{"display":[{"path":"baozha3","type":"image","name":"baozha3","transform":{}}],"name":"baozha34"},{"display":[{"path":"baozha3","type":"image","name":"baozha3","transform":{}}],"name":"baozha32"},{"display":[{"path":"baozha3","type":"image","name":"baozha3","transform":{}}],"name":"baozha3"},{"display":[{"path":"baozha1","type":"image","name":"baozha1","transform":{"x":92}}],"name":"baozha13"},{"display":[{"path":"baozha1","type":"image","name":"baozha1","transform":{"x":92}}],"name":"baozha11"}],"name":""}],"aabb":{"width":425.83472000000006,"y":-204.11984,"height":402.33656,"x":-211.31764000000004},"ik":[],"animation":[{"playTimes":0,"frame":[],"slot":[{"colorFrame":[{"duration":3,"color":{"aM":0},"tweenEasing":0},{"duration":4,"color":{"aM":50},"tweenEasing":0},{"duration":4,"tweenEasing":0},{"duration":5,"color":{"aM":80},"tweenEasing":0},{"duration":0,"color":{"aM":0}}],"displayFrame":[{"duration":3},{"duration":4},{"duration":4},{"duration":5},{"duration":0}],"name":"baozha1"},{"colorFrame":[{"duration":3,"color":{"aM":0},"tweenEasing":0},{"duration":4,"color":{"aM":50},"tweenEasing":0},{"duration":4,"tweenEasing":0},{"duration":5,"color":{"aM":80},"tweenEasing":0},{"duration":0,"color":{"aM":0}}],"displayFrame":[{"duration":3},{"duration":4},{"duration":4},{"duration":5},{"duration":0}],"name":"baozha11"},{"colorFrame":[{"duration":3,"color":{"aM":0},"tweenEasing":0},{"duration":4,"color":{"aM":50},"tweenEasing":0},{"duration":4,"tweenEasing":0},{"duration":5,"color":{"aM":80},"tweenEasing":0},{"duration":0,"color":{"aM":0}}],"displayFrame":[{"duration":3},{"duration":4},{"duration":4},{"duration":5},{"duration":0}],"name":"baozha12"},{"colorFrame":[{"duration":3,"color":{"aM":0},"tweenEasing":0},{"duration":4,"color":{"aM":50},"tweenEasing":0},{"duration":4,"tweenEasing":0},{"duration":5,"color":{"aM":80},"tweenEasing":0},{"duration":0,"color":{"aM":0}}],"displayFrame":[{"duration":3},{"duration":4},{"duration":4},{"duration":5},{"duration":0}],"name":"baozha13"},{"colorFrame":[{"duration":7,"color":{"aM":0},"tweenEasing":0},{"duration":4,"tweenEasing":0},{"duration":5,"color":{"aM":0}}],"displayFrame":[{"duration":7},{"duration":4},{"duration":5}],"name":"baozha2"},{"colorFrame":[{"duration":8,"tweenEasing":0},{"duration":8,"tweenEasing":0},{"duration":0,"color":{"aM":0}}],"displayFrame":[{"duration":8},{"duration":8},{"duration":0}],"name":"baozha3"},{"colorFrame":[{"duration":3,"tweenEasing":0},{"duration":5,"tweenEasing":0},{"duration":7,"tweenEasing":0},{"duration":1,"color":{"aM":0}}],"displayFrame":[{"duration":3},{"duration":5},{"duration":7},{"duration":1}],"name":"baozha31"},{"colorFrame":[{"duration":3,"tweenEasing":0},{"duration":5,"tweenEasing":0},{"duration":6,"tweenEasing":0},{"duration":2,"color":{"aM":0}}],"displayFrame":[{"duration":3},{"duration":5},{"duration":6},{"duration":2}],"name":"baozha32"},{"colorFrame":[{"duration":3,"tweenEasing":0},{"duration":5,"tweenEasing":0},{"duration":5,"tweenEasing":0},{"duration":3,"color":{"aM":0}}],"displayFrame":[{"duration":3},{"duration":5},{"duration":5},{"duration":3}],"name":"baozha33"},{"colorFrame":[{"duration":3,"tweenEasing":0},{"duration":5,"tweenEasing":0},{"duration":4,"tweenEasing":0},{"duration":4,"color":{"aM":0}}],"displayFrame":[{"duration":3},{"duration":5},{"duration":4},{"duration":4}],"name":"baozha34"},{"colorFrame":[{"duration":3,"tweenEasing":0},{"duration":5,"tweenEasing":0},{"duration":5,"tweenEasing":0},{"duration":3,"color":{"aM":0}}],"displayFrame":[{"duration":3},{"duration":5},{"duration":5},{"duration":3}],"name":"baozha35"},{"colorFrame":[{"duration":3,"tweenEasing":0},{"duration":5,"tweenEasing":0},{"duration":7,"tweenEasing":0},{"duration":1,"color":{"aM":0}}],"displayFrame":[{"duration":3},{"duration":5},{"duration":7},{"duration":1}],"name":"baozha36"},{"colorFrame":[{"duration":3,"tweenEasing":0},{"duration":5,"tweenEasing":0},{"duration":6,"tweenEasing":0},{"duration":2,"color":{"aM":0}}],"displayFrame":[{"duration":3},{"duration":5},{"duration":6},{"duration":2}],"name":"baozha37"},{"colorFrame":[{"duration":3,"tweenEasing":0},{"duration":5,"tweenEasing":0},{"duration":6,"tweenEasing":0},{"duration":2,"color":{"aM":0}}],"displayFrame":[{"duration":3},{"duration":5},{"duration":6},{"duration":2}],"name":"baozha38"}],"duration":16,"name":"baozha","bone":[{"translateFrame":[{"duration":16}],"rotateFrame":[{"duration":16}],"name":"root","scaleFrame":[{"duration":16}]},{"translateFrame":[{"tweenEasing":0,"duration":11},{"x":13.75,"tweenEasing":0,"duration":5},{"x":20,"duration":0}],"rotateFrame":[{"tweenEasing":0,"duration":11},{"tweenEasing":0,"duration":5},{"duration":0}],"name":"baozha1","scaleFrame":[{"x":0.01,"tweenEasing":0,"duration":11},{"x":0.6906,"tweenEasing":0,"duration":5},{"y":0.5,"duration":0}]},{"translateFrame":[{"tweenEasing":0,"duration":11},{"x":-13.75,"tweenEasing":0,"duration":5},{"x":-20,"duration":0}],"rotateFrame":[{"tweenEasing":0,"duration":11},{"tweenEasing":0,"duration":5},{"duration":0}],"name":"baozha11","scaleFrame":[{"x":0.01,"tweenEasing":0,"duration":11},{"x":0.6906,"tweenEasing":0,"duration":5},{"y":0.5,"duration":0}]},{"translateFrame":[{"tweenEasing":0,"duration":11},{"y":13.75,"tweenEasing":0,"duration":5},{"y":20,"duration":0}],"rotateFrame":[{"tweenEasing":0,"duration":11},{"tweenEasing":0,"duration":5},{"duration":0}],"name":"baozha12","scaleFrame":[{"x":0.01,"tweenEasing":0,"duration":11},{"x":0.6906,"tweenEasing":0,"duration":5},{"y":0.5,"duration":0}]},{"translateFrame":[{"tweenEasing":0,"duration":11},{"y":-13.75,"tweenEasing":0,"duration":5},{"y":-20,"duration":0}],"rotateFrame":[{"tweenEasing":0,"duration":11},{"tweenEasing":0,"duration":5},{"duration":0}],"name":"baozha13","scaleFrame":[{"x":0.01,"tweenEasing":0,"duration":11},{"x":0.6481,"tweenEasing":0,"duration":5},{"x":0.9381,"y":0.5,"duration":0}]},{"translateFrame":[{"tweenEasing":0,"duration":2},{"tweenEasing":0,"duration":5},{"tweenEasing":0,"duration":7},{"duration":2}],"rotateFrame":[{"tweenEasing":0,"duration":2},{"tweenEasing":0,"duration":5},{"tweenEasing":0,"duration":7},{"duration":2}],"name":"baozha2","scaleFrame":[{"x":0.01,"y":0.01,"tweenEasing":0,"duration":2},{"x":0.01,"y":0.01,"tweenEasing":0,"duration":5},{"x":1.2,"y":1.2,"tweenEasing":0,"duration":7},{"x":2.3,"y":2.3,"duration":2}]},{"translateFrame":[{"tweenEasing":0,"duration":8},{"tweenEasing":0,"duration":8},{"duration":0}],"rotateFrame":[{"tweenEasing":0,"duration":8},{"tweenEasing":0,"duration":8},{"duration":0}],"name":"baozha3","scaleFrame":[{"x":0.01,"y":0.01,"tweenEasing":0,"duration":8},{"tweenEasing":0,"duration":8},{"x":1.8,"y":1.8,"duration":0}]},{"translateFrame":[{"x":-173.11424,"y":-140.06944000000001,"tweenEasing":0,"duration":3},{"x":-173.11424,"y":-140.06944000000001,"tweenEasing":0,"duration":12},{"x":-104.17032,"y":-86.41480000000001,"duration":1}],"rotateFrame":[{"tweenEasing":0,"duration":3},{"tweenEasing":0,"duration":12},{"duration":1}],"name":"baozha31","scaleFrame":[{"x":0.0333,"y":0.0333,"tweenEasing":0,"duration":3},{"x":0.0333,"y":0.0333,"tweenEasing":0,"duration":12},{"x":0.8067,"y":0.8067,"duration":1}]},{"translateFrame":[{"x":-88.93564,"y":-134.91240000000002,"tweenEasing":0,"duration":3},{"x":-88.93564,"y":-134.91240000000002,"tweenEasing":0,"duration":11},{"x":-13.506880000000002,"y":-27.086880000000004,"duration":2}],"rotateFrame":[{"tweenEasing":0,"duration":3},{"tweenEasing":0,"duration":11},{"duration":2}],"name":"baozha32","scaleFrame":[{"x":0.0333,"y":0.0333,"tweenEasing":0,"duration":3},{"x":0.0333,"y":0.0333,"tweenEasing":0,"duration":11},{"duration":2}]},{"translateFrame":[{"x":-176.31708000000003,"y":114.25288,"tweenEasing":0,"duration":3},{"x":-176.31708000000003,"y":114.25288,"tweenEasing":0,"duration":11},{"x":-46.826840000000004,"y":26.555480000000003,"duration":2}],"rotateFrame":[{"tweenEasing":0,"duration":3},{"tweenEasing":0,"duration":11},{"duration":2}],"name":"baozha33","scaleFrame":[{"x":0.0333,"y":0.0333,"tweenEasing":0,"duration":3},{"x":0.0333,"y":0.0333,"tweenEasing":0,"duration":11},{"duration":2}]},{"translateFrame":[{"x":-118.28156,"y":165.91984000000002,"tweenEasing":0,"duration":3},{"x":-118.28156,"y":165.91984000000002,"tweenEasing":0,"duration":9},{"x":-48.90552,"y":53.10608,"duration":4}],"rotateFrame":[{"tweenEasing":0,"duration":3},{"tweenEasing":0,"duration":9},{"duration":4}],"name":"baozha34","scaleFrame":[{"x":0.0333,"y":0.0333,"tweenEasing":0,"duration":3},{"x":0.0333,"y":0.0333,"tweenEasing":0,"duration":9},{"duration":4}]},{"translateFrame":[{"x":120.58756000000001,"y":-160.01672000000002,"tweenEasing":0,"duration":3},{"x":120.58756000000001,"y":-160.01672000000002,"tweenEasing":0,"duration":10},{"x":48.11224000000001,"y":-55.56380000000001,"duration":3}],"rotateFrame":[{"tweenEasing":0,"duration":3},{"tweenEasing":0,"duration":10},{"duration":3}],"name":"baozha35","scaleFrame":[{"x":0.0333,"y":0.0333,"tweenEasing":0,"duration":3},{"x":0.0333,"y":0.0333,"tweenEasing":0,"duration":10},{"duration":3}]},{"translateFrame":[{"x":155.77848,"y":-104.70948000000001,"tweenEasing":0,"duration":3},{"x":155.77848,"y":-104.70948000000001,"tweenEasing":0,"duration":12},{"x":49.931160000000006,"y":-46.972480000000004,"duration":1}],"rotateFrame":[{"tweenEasing":0,"duration":3},{"tweenEasing":0,"duration":12},{"duration":1}],"name":"baozha36","scaleFrame":[{"x":0.0333,"y":0.0333,"tweenEasing":0,"duration":3},{"x":0.0333,"y":0.0333,"tweenEasing":0,"duration":12},{"x":0.9356,"y":0.9356,"duration":1}]},{"translateFrame":[{"x":173.11764000000002,"y":140.37128,"tweenEasing":0,"duration":3},{"x":173.11764000000002,"y":140.37128,"tweenEasing":0,"duration":11},{"x":77.94968,"y":67.11824,"duration":2}],"rotateFrame":[{"tweenEasing":0,"duration":3},{"tweenEasing":0,"duration":11},{"duration":2}],"name":"baozha37","scaleFrame":[{"x":0.0333,"y":0.0333,"tweenEasing":0,"duration":3},{"x":0.0333,"y":0.0333,"tweenEasing":0,"duration":11},{"duration":2}]},{"translateFrame":[{"x":96.44052,"y":160.62824,"tweenEasing":0,"duration":3},{"x":96.44052,"y":160.62824,"tweenEasing":0,"duration":11},{"x":11.679200000000002,"y":21.02368,"duration":2}],"rotateFrame":[{"tweenEasing":0,"duration":3},{"tweenEasing":0,"duration":11},{"duration":2}],"name":"baozha38","scaleFrame":[{"x":0.0333,"y":0.0333,"tweenEasing":0,"duration":3},{"x":0.0333,"y":0.0333,"tweenEasing":0,"duration":11},{"duration":2}]}],"ffd":[]}],"slot":[{"color":{},"name":"baozha1","parent":"baozha1"},{"z":1,"color":{},"name":"baozha11","parent":"baozha11"},{"z":2,"color":{},"name":"baozha12","parent":"baozha12"},{"z":3,"color":{},"name":"baozha13","parent":"baozha13"},{"z":4,"color":{},"name":"baozha2","parent":"baozha2"},{"z":5,"color":{},"name":"baozha3","parent":"baozha3"},{"z":6,"color":{},"name":"baozha31","parent":"baozha31"},{"z":7,"color":{},"name":"baozha32","parent":"baozha32"},{"z":8,"color":{},"name":"baozha33","parent":"baozha33"},{"z":9,"color":{},"name":"baozha34","parent":"baozha34"},{"z":10,"color":{},"name":"baozha35","parent":"baozha35"},{"z":11,"color":{},"name":"baozha36","parent":"baozha36"},{"z":12,"color":{},"name":"baozha37","parent":"baozha37"},{"z":13,"color":{},"name":"baozha38","parent":"baozha38"}],"name":"TXbaozha","bone":[{"name":"root","transform":{}},{"transform":{},"name":"baozha1","parent":"root"},{"transform":{"skY":180,"skX":180},"name":"baozha11","parent":"root"},{"transform":{"skY":90,"skX":90},"name":"baozha12","parent":"root"},{"transform":{"skY":-90,"skX":-90},"name":"baozha13","parent":"root"},{"transform":{},"name":"baozha2","parent":"root"},{"transform":{},"name":"baozha3","parent":"root"},{"transform":{"y":140.06944000000001,"scX":0.3,"scY":0.3,"x":173.11424},"name":"baozha31","parent":"root"},{"transform":{"y":134.91240000000002,"scX":0.3,"scY":0.3,"x":88.93564},"name":"baozha32","parent":"root"},{"transform":{"y":-114.25288,"scX":0.3,"scY":0.3,"x":176.31708000000003},"name":"baozha33","parent":"root"},{"transform":{"y":-165.91984000000002,"scX":0.3,"scY":0.3,"x":118.28156},"name":"baozha34","parent":"root"},{"transform":{"y":160.01672000000002,"scX":0.3,"scY":0.3,"x":-120.58756000000001},"name":"baozha35","parent":"root"},{"transform":{"y":104.70948000000001,"scX":0.3,"scY":0.3,"x":-155.77848},"name":"baozha36","parent":"root"},{"transform":{"y":-140.37128,"scX":0.3,"scY":0.3,"x":-173.11764000000002},"name":"baozha37","parent":"root"},{"transform":{"y":-160.62824,"scX":0.3,"scY":0.3,"x":-96.44052},"name":"baozha38","parent":"root"}]},{"defaultActions":[{"gotoAndPlay":"wudi"}],"type":"Armature","frameRate":24,"skin":[{"slot":[{"display":[{"path":"hudun1","type":"image","name":"hudun1","transform":{}}],"blendMode":"add","name":"hudun16"},{"display":[{"path":"hudun1","type":"image","name":"hudun1","transform":{}}],"blendMode":"add","name":"hudun14"},{"display":[{"path":"hudun1","type":"image","name":"hudun1","transform":{}}],"blendMode":"add","name":"hudun12"},{"display":[{"path":"hudun3","type":"image","name":"hudun3","transform":{}}],"blendMode":"add","name":"hudun34"},{"display":[{"path":"hudun1","type":"image","name":"hudun1","transform":{}}],"blendMode":"add","name":"hudun1"},{"display":[{"path":"hudun3","type":"image","name":"hudun3","transform":{}}],"blendMode":"add","name":"hudun32"},{"display":[{"path":"hudun3","type":"image","name":"hudun3","transform":{}}],"blendMode":"add","name":"hudun3"},{"display":[{"path":"hudun2","type":"image","name":"hudun2","transform":{}}],"blendMode":"add","name":"hudun24"},{"display":[{"path":"hudun2","type":"image","name":"hudun2","transform":{}}],"blendMode":"add","name":"hudun22"},{"display":[{"path":"hudun2","type":"image","name":"hudun2","transform":{}}],"blendMode":"add","name":"hudun2"},{"display":[{"path":"hudun1","type":"image","name":"hudun1","transform":{}}],"blendMode":"add","name":"hudun15"},{"display":[{"path":"hudun1","type":"image","name":"hudun1","transform":{}}],"blendMode":"add","name":"hudun13"},{"display":[{"path":"hudun3","type":"image","name":"hudun3","transform":{}}],"blendMode":"add","name":"hudun35"},{"display":[{"path":"hudun1","type":"image","name":"hudun1","transform":{}}],"blendMode":"add","name":"hudun11"},{"display":[{"path":"hudun3","type":"image","name":"hudun3","transform":{}}],"blendMode":"add","name":"hudun33"},{"display":[{"path":"hudun3","type":"image","name":"hudun3","transform":{}}],"blendMode":"add","name":"hudun31"},{"display":[{"path":"hudun2","type":"image","name":"hudun2","transform":{}}],"blendMode":"add","name":"hudun25"},{"display":[{"path":"hudun2","type":"image","name":"hudun2","transform":{}}],"blendMode":"add","name":"hudun23"},{"display":[{"path":"hudun2","type":"image","name":"hudun2","transform":{}}],"blendMode":"add","name":"hudun21"}],"name":""}],"aabb":{"width":85.2,"y":-44.2,"height":88.4,"x":-42.6},"ik":[],"animation":[{"playTimes":0,"frame":[],"slot":[{"colorFrame":[{"duration":10,"color":{"aM":20},"tweenEasing":0},{"duration":10,"tweenEasing":0},{"duration":10,"color":{"aM":20}}],"displayFrame":[{"duration":10},{"duration":10},{"duration":10}],"name":"hudun1"},{"colorFrame":[{"duration":5,"color":{"aM":11},"tweenEasing":0},{"duration":10,"color":{"aM":15},"tweenEasing":0},{"duration":10,"color":{"aM":65},"tweenEasing":0},{"duration":5,"color":{"aM":11}}],"displayFrame":[{"duration":5},{"duration":10},{"duration":10},{"duration":5}],"name":"hudun11"},{"colorFrame":[{"duration":5,"color":{"aM":11},"tweenEasing":0},{"duration":10,"color":{"aM":15},"tweenEasing":0},{"duration":10,"color":{"aM":65},"tweenEasing":0},{"duration":5,"color":{"aM":11}}],"displayFrame":[{"duration":5},{"duration":10},{"duration":10},{"duration":5}],"name":"hudun12"},{"colorFrame":[{"duration":5,"color":{"aM":11},"tweenEasing":0},{"duration":10,"color":{"aM":15},"tweenEasing":0},{"duration":10,"color":{"aM":65},"tweenEasing":0},{"duration":5,"color":{"aM":11}}],"displayFrame":[{"duration":5},{"duration":10},{"duration":10},{"duration":5}],"name":"hudun13"},{"colorFrame":[{"duration":5,"color":{"aM":11},"tweenEasing":0},{"duration":10,"color":{"aM":15},"tweenEasing":0},{"duration":10,"color":{"aM":65},"tweenEasing":0},{"duration":5,"color":{"aM":11}}],"displayFrame":[{"duration":5},{"duration":10},{"duration":10},{"duration":5}],"name":"hudun14"},{"colorFrame":[{"duration":5,"color":{"aM":11},"tweenEasing":0},{"duration":10,"color":{"aM":15},"tweenEasing":0},{"duration":10,"color":{"aM":65},"tweenEasing":0},{"duration":5,"color":{"aM":11}}],"displayFrame":[{"duration":5},{"duration":10},{"duration":10},{"duration":5}],"name":"hudun15"},{"colorFrame":[{"duration":5,"color":{"aM":15},"tweenEasing":0},{"duration":10,"color":{"aM":15},"tweenEasing":0},{"duration":10,"color":{"aM":65},"tweenEasing":0},{"duration":5,"color":{"aM":11}}],"displayFrame":[{"duration":5},{"duration":10},{"duration":10},{"duration":5}],"name":"hudun16"},{"colorFrame":[{"duration":10,"color":{"aM":5},"tweenEasing":0},{"duration":10,"color":{"aM":10},"tweenEasing":0},{"duration":10,"color":{"aM":50},"tweenEasing":0},{"duration":0,"color":{"aM":10}}],"displayFrame":[{"duration":10},{"duration":10},{"duration":10},{"duration":0}],"name":"hudun2"},{"colorFrame":[{"duration":10,"color":{"aM":5},"tweenEasing":0},{"duration":10,"color":{"aM":10},"tweenEasing":0},{"duration":10,"color":{"aM":50},"tweenEasing":0},{"duration":0,"color":{"aM":10}}],"displayFrame":[{"duration":10},{"duration":10},{"duration":10},{"duration":0}],"name":"hudun21"},{"colorFrame":[{"duration":10,"color":{"aM":5},"tweenEasing":0},{"duration":10,"color":{"aM":10},"tweenEasing":0},{"duration":10,"color":{"aM":50},"tweenEasing":0},{"duration":0,"color":{"aM":10}}],"displayFrame":[{"duration":10},{"duration":10},{"duration":10},{"duration":0}],"name":"hudun22"},{"colorFrame":[{"duration":10,"color":{"aM":5},"tweenEasing":0},{"duration":10,"color":{"aM":10},"tweenEasing":0},{"duration":10,"color":{"aM":50},"tweenEasing":0},{"duration":0,"color":{"aM":10}}],"displayFrame":[{"duration":10},{"duration":10},{"duration":10},{"duration":0}],"name":"hudun23"},{"colorFrame":[{"duration":10,"color":{"aM":5},"tweenEasing":0},{"duration":10,"color":{"aM":10},"tweenEasing":0},{"duration":10,"color":{"aM":50},"tweenEasing":0},{"duration":0,"color":{"aM":10}}],"displayFrame":[{"duration":10},{"duration":10},{"duration":10},{"duration":0}],"name":"hudun24"},{"colorFrame":[{"duration":10,"color":{"aM":5},"tweenEasing":0},{"duration":10,"color":{"aM":10},"tweenEasing":0},{"duration":10,"color":{"aM":50},"tweenEasing":0},{"duration":0,"color":{"aM":10}}],"displayFrame":[{"duration":10},{"duration":10},{"duration":10},{"duration":0}],"name":"hudun25"},{"colorFrame":[{"duration":10,"color":{"aM":5},"tweenEasing":0},{"duration":10,"color":{"aM":10},"tweenEasing":0},{"duration":10,"color":{"aM":50},"tweenEasing":0},{"duration":0,"color":{"aM":10}}],"displayFrame":[{"duration":10},{"duration":10},{"duration":10},{"duration":0}],"name":"hudun3"},{"colorFrame":[{"duration":10,"color":{"aM":5},"tweenEasing":0},{"duration":10,"color":{"aM":10},"tweenEasing":0},{"duration":10,"color":{"aM":50},"tweenEasing":0},{"duration":0,"color":{"aM":10}}],"displayFrame":[{"duration":10},{"duration":10},{"duration":10},{"duration":0}],"name":"hudun31"},{"colorFrame":[{"duration":10,"color":{"aM":5},"tweenEasing":0},{"duration":10,"color":{"aM":10},"tweenEasing":0},{"duration":10,"color":{"aM":50},"tweenEasing":0},{"duration":0,"color":{"aM":10}}],"displayFrame":[{"duration":10},{"duration":10},{"duration":10},{"duration":0}],"name":"hudun32"},{"colorFrame":[{"duration":10,"color":{"aM":5},"tweenEasing":0},{"duration":10,"color":{"aM":10},"tweenEasing":0},{"duration":10,"color":{"aM":50},"tweenEasing":0},{"duration":0,"color":{"aM":10}}],"displayFrame":[{"duration":10},{"duration":10},{"duration":10},{"duration":0}],"name":"hudun33"},{"colorFrame":[{"duration":10,"color":{"aM":5},"tweenEasing":0},{"duration":10,"color":{"aM":10},"tweenEasing":0},{"duration":10,"color":{"aM":50},"tweenEasing":0},{"duration":0,"color":{"aM":10}}],"displayFrame":[{"duration":10},{"duration":10},{"duration":10},{"duration":0}],"name":"hudun34"},{"colorFrame":[{"duration":10,"color":{"aM":5},"tweenEasing":0},{"duration":10,"color":{"aM":10},"tweenEasing":0},{"duration":10,"color":{"aM":50},"tweenEasing":0},{"duration":0,"color":{"aM":10}}],"displayFrame":[{"duration":10},{"duration":10},{"duration":10},{"duration":0}],"name":"hudun35"}],"duration":30,"name":"wudi","bone":[{"translateFrame":[{"duration":30}],"rotateFrame":[{"duration":30}],"name":"root","scaleFrame":[{"duration":30}]},{"translateFrame":[{"tweenEasing":0,"duration":10},{"tweenEasing":0,"duration":10},{"duration":10}],"rotateFrame":[{"tweenEasing":0,"duration":10},{"tweenEasing":0,"duration":10},{"duration":10}],"name":"bone0","scaleFrame":[{"tweenEasing":0,"duration":10},{"x":1.2,"y":1.2,"tweenEasing":0,"duration":10},{"duration":10}]},{"translateFrame":[{"tweenEasing":0,"duration":5},{"tweenEasing":0,"duration":10},{"x":1.6,"tweenEasing":0,"duration":10},{"duration":5}],"rotateFrame":[{"tweenEasing":0,"duration":5},{"tweenEasing":0,"duration":10},{"tweenEasing":0,"duration":10},{"duration":5}],"name":"bone11","scaleFrame":[{"tweenEasing":0,"duration":5},{"tweenEasing":0,"duration":10},{"x":1.1,"y":1.1,"tweenEasing":0,"duration":10},{"duration":5}]},{"translateFrame":[{"tweenEasing":0,"duration":5},{"tweenEasing":0,"duration":10},{"x":-1.6,"tweenEasing":0,"duration":10},{"duration":5}],"rotateFrame":[{"tweenEasing":0,"duration":5},{"tweenEasing":0,"duration":10},{"tweenEasing":0,"duration":10},{"duration":5}],"name":"bone12","scaleFrame":[{"tweenEasing":0,"duration":5},{"tweenEasing":0,"duration":10},{"x":1.1,"y":1.1,"tweenEasing":0,"duration":10},{"duration":5}]},{"translateFrame":[{"tweenEasing":0,"duration":5},{"tweenEasing":0,"duration":10},{"x":0.8,"y":1.6,"tweenEasing":0,"duration":10},{"duration":5}],"rotateFrame":[{"tweenEasing":0,"duration":5},{"tweenEasing":0,"duration":10},{"tweenEasing":0,"duration":10},{"duration":5}],"name":"bone13","scaleFrame":[{"tweenEasing":0,"duration":5},{"tweenEasing":0,"duration":10},{"x":1.1,"y":1.1,"tweenEasing":0,"duration":10},{"duration":5}]},{"translateFrame":[{"tweenEasing":0,"duration":5},{"tweenEasing":0,"duration":10},{"x":-0.8,"y":1.6,"tweenEasing":0,"duration":10},{"duration":5}],"rotateFrame":[{"tweenEasing":0,"duration":5},{"tweenEasing":0,"duration":10},{"tweenEasing":0,"duration":10},{"duration":5}],"name":"bone14","scaleFrame":[{"tweenEasing":0,"duration":5},{"tweenEasing":0,"duration":10},{"x":1.1,"y":1.1,"tweenEasing":0,"duration":10},{"duration":5}]},{"translateFrame":[{"tweenEasing":0,"duration":5},{"tweenEasing":0,"duration":10},{"x":0.8,"y":-1.6,"tweenEasing":0,"duration":10},{"duration":5}],"rotateFrame":[{"tweenEasing":0,"duration":5},{"tweenEasing":0,"duration":10},{"tweenEasing":0,"duration":10},{"duration":5}],"name":"bone15","scaleFrame":[{"tweenEasing":0,"duration":5},{"tweenEasing":0,"duration":10},{"x":1.1,"y":1.1,"tweenEasing":0,"duration":10},{"duration":5}]},{"translateFrame":[{"tweenEasing":0,"duration":5},{"tweenEasing":0,"duration":10},{"x":-0.8,"y":-1.6,"tweenEasing":0,"duration":10},{"duration":5}],"rotateFrame":[{"tweenEasing":0,"duration":5},{"tweenEasing":0,"duration":10},{"tweenEasing":0,"duration":10},{"duration":5}],"name":"bone16","scaleFrame":[{"tweenEasing":0,"duration":5},{"tweenEasing":0,"duration":10},{"x":1.1,"y":1.1,"tweenEasing":0,"duration":10},{"duration":5}]},{"translateFrame":[{"tweenEasing":0,"duration":10},{"tweenEasing":0,"duration":10},{"x":1.6,"tweenEasing":0,"duration":10},{"duration":0}],"rotateFrame":[{"tweenEasing":0,"duration":10},{"tweenEasing":0,"duration":10},{"tweenEasing":0,"duration":10},{"duration":0}],"name":"bone2","scaleFrame":[{"tweenEasing":0,"duration":10},{"tweenEasing":0,"duration":10},{"x":1.1,"y":1.1,"tweenEasing":0,"duration":10},{"duration":0}]},{"translateFrame":[{"tweenEasing":0,"duration":10},{"tweenEasing":0,"duration":10},{"x":0.8,"y":0.8,"tweenEasing":0,"duration":10},{"duration":0}],"rotateFrame":[{"tweenEasing":0,"duration":10},{"tweenEasing":0,"duration":10},{"tweenEasing":0,"duration":10},{"duration":0}],"name":"bone21","scaleFrame":[{"tweenEasing":0,"duration":10},{"tweenEasing":0,"duration":10},{"x":1.1,"y":1.1,"tweenEasing":0,"duration":10},{"duration":0}]},{"translateFrame":[{"tweenEasing":0,"duration":10},{"tweenEasing":0,"duration":10},{"x":-0.8,"y":0.8,"tweenEasing":0,"duration":10},{"duration":0}],"rotateFrame":[{"tweenEasing":0,"duration":10},{"tweenEasing":0,"duration":10},{"tweenEasing":0,"duration":10},{"duration":0}],"name":"bone22","scaleFrame":[{"tweenEasing":0,"duration":10},{"tweenEasing":0,"duration":10},{"x":1.1,"y":1.1,"tweenEasing":0,"duration":10},{"duration":0}]},{"translateFrame":[{"tweenEasing":0,"duration":10},{"tweenEasing":0,"duration":10},{"x":-1.6,"tweenEasing":0,"duration":10},{"duration":0}],"rotateFrame":[{"tweenEasing":0,"duration":10},{"tweenEasing":0,"duration":10},{"tweenEasing":0,"duration":10},{"duration":0}],"name":"bone23","scaleFrame":[{"tweenEasing":0,"duration":10},{"tweenEasing":0,"duration":10},{"x":1.1,"y":1.1,"tweenEasing":0,"duration":10},{"duration":0}]},{"translateFrame":[{"tweenEasing":0,"duration":10},{"tweenEasing":0,"duration":10},{"x":0.8,"y":-0.8,"tweenEasing":0,"duration":10},{"duration":0}],"rotateFrame":[{"tweenEasing":0,"duration":10},{"tweenEasing":0,"duration":10},{"tweenEasing":0,"duration":10},{"duration":0}],"name":"bone24","scaleFrame":[{"tweenEasing":0,"duration":10},{"tweenEasing":0,"duration":10},{"x":1.1,"y":1.1,"tweenEasing":0,"duration":10},{"duration":0}]},{"translateFrame":[{"tweenEasing":0,"duration":10},{"tweenEasing":0,"duration":10},{"x":-0.8,"y":-0.8,"tweenEasing":0,"duration":10},{"duration":0}],"rotateFrame":[{"tweenEasing":0,"duration":10},{"tweenEasing":0,"duration":10},{"tweenEasing":0,"duration":10},{"duration":0}],"name":"bone25","scaleFrame":[{"tweenEasing":0,"duration":10},{"tweenEasing":0,"duration":10},{"x":1.1,"y":1.1,"tweenEasing":0,"duration":10},{"duration":0}]},{"translateFrame":[{"tweenEasing":0,"duration":10},{"tweenEasing":0,"duration":10},{"y":1.2000000000000002,"tweenEasing":0,"duration":10},{"duration":0}],"rotateFrame":[{"tweenEasing":0,"duration":10},{"tweenEasing":0,"duration":10},{"tweenEasing":0,"duration":10},{"duration":0}],"name":"bone3","scaleFrame":[{"tweenEasing":0,"duration":10},{"tweenEasing":0,"duration":10},{"x":1.1,"y":1.1,"tweenEasing":0,"duration":10},{"duration":0}]},{"translateFrame":[{"tweenEasing":0,"duration":10},{"tweenEasing":0,"duration":10},{"x":-1.6,"y":1.2000000000000002,"tweenEasing":0,"duration":10},{"duration":0}],"rotateFrame":[{"tweenEasing":0,"duration":10},{"tweenEasing":0,"duration":10},{"tweenEasing":0,"duration":10},{"duration":0}],"name":"bone31","scaleFrame":[{"tweenEasing":0,"duration":10},{"tweenEasing":0,"duration":10},{"x":1.1,"y":1.1,"tweenEasing":0,"duration":10},{"duration":0}]},{"translateFrame":[{"tweenEasing":0,"duration":10},{"tweenEasing":0,"duration":10},{"x":-1.6,"y":-1.2000000000000002,"tweenEasing":0,"duration":10},{"duration":0}],"rotateFrame":[{"tweenEasing":0,"duration":10},{"tweenEasing":0,"duration":10},{"tweenEasing":0,"duration":10},{"duration":0}],"name":"bone32","scaleFrame":[{"tweenEasing":0,"duration":10},{"tweenEasing":0,"duration":10},{"x":1.1,"y":1.1,"tweenEasing":0,"duration":10},{"duration":0}]},{"translateFrame":[{"tweenEasing":0,"duration":10},{"tweenEasing":0,"duration":10},{"y":-1.2000000000000002,"tweenEasing":0,"duration":10},{"duration":0}],"rotateFrame":[{"tweenEasing":0,"duration":10},{"tweenEasing":0,"duration":10},{"tweenEasing":0,"duration":10},{"duration":0}],"name":"bone33","scaleFrame":[{"tweenEasing":0,"duration":10},{"tweenEasing":0,"duration":10},{"x":1.1,"y":1.1,"tweenEasing":0,"duration":10},{"duration":0}]},{"translateFrame":[{"tweenEasing":0,"duration":10},{"tweenEasing":0,"duration":10},{"x":1.6,"y":-1.2000000000000002,"tweenEasing":0,"duration":10},{"duration":0}],"rotateFrame":[{"tweenEasing":0,"duration":10},{"tweenEasing":0,"duration":10},{"tweenEasing":0,"duration":10},{"duration":0}],"name":"bone34","scaleFrame":[{"tweenEasing":0,"duration":10},{"tweenEasing":0,"duration":10},{"x":1.1,"y":1.1,"tweenEasing":0,"duration":10},{"duration":0}]},{"translateFrame":[{"tweenEasing":0,"duration":10},{"tweenEasing":0,"duration":10},{"x":1.6,"y":1.2000000000000002,"tweenEasing":0,"duration":10},{"duration":0}],"rotateFrame":[{"tweenEasing":0,"duration":10},{"tweenEasing":0,"duration":10},{"tweenEasing":0,"duration":10},{"duration":0}],"name":"bone35","scaleFrame":[{"tweenEasing":0,"duration":10},{"tweenEasing":0,"duration":10},{"x":1.1,"y":1.1,"tweenEasing":0,"duration":10},{"duration":0}]}],"ffd":[]}],"slot":[{"blendMode":"add","color":{},"name":"hudun1","parent":"bone0"},{"blendMode":"add","z":1,"color":{},"name":"hudun11","parent":"bone11"},{"blendMode":"add","z":2,"color":{},"name":"hudun12","parent":"bone12"},{"blendMode":"add","z":3,"color":{},"name":"hudun13","parent":"bone13"},{"blendMode":"add","z":4,"color":{},"name":"hudun14","parent":"bone14"},{"blendMode":"add","z":5,"color":{},"name":"hudun15","parent":"bone15"},{"blendMode":"add","z":6,"color":{},"name":"hudun16","parent":"bone16"},{"blendMode":"add","z":7,"color":{},"name":"hudun2","parent":"bone2"},{"blendMode":"add","z":8,"color":{},"name":"hudun21","parent":"bone21"},{"blendMode":"add","z":9,"color":{},"name":"hudun22","parent":"bone22"},{"blendMode":"add","z":10,"color":{},"name":"hudun23","parent":"bone23"},{"blendMode":"add","z":11,"color":{},"name":"hudun24","parent":"bone24"},{"blendMode":"add","z":12,"color":{},"name":"hudun25","parent":"bone25"},{"blendMode":"add","z":13,"color":{},"name":"hudun3","parent":"bone3"},{"blendMode":"add","z":14,"color":{},"name":"hudun31","parent":"bone31"},{"blendMode":"add","z":15,"color":{},"name":"hudun32","parent":"bone32"},{"blendMode":"add","z":16,"color":{},"name":"hudun33","parent":"bone33"},{"blendMode":"add","z":17,"color":{},"name":"hudun34","parent":"bone34"},{"blendMode":"add","z":18,"color":{},"name":"hudun35","parent":"bone35"}],"name":"TXwudi","bone":[{"name":"root","transform":{}},{"transform":{},"name":"bone0","parent":"root"},{"transform":{"x":21.6},"name":"bone11","parent":"root"},{"transform":{"x":-21.6},"name":"bone12","parent":"root"},{"transform":{"y":19.200000000000003,"x":10.8},"name":"bone13","parent":"root"},{"transform":{"y":19.200000000000003,"x":-10.8},"name":"bone14","parent":"root"},{"transform":{"y":-19.200000000000003,"x":10.8},"name":"bone15","parent":"root"},{"transform":{"y":-19.200000000000003,"x":-10.8},"name":"bone16","parent":"root"},{"transform":{"x":38},"name":"bone2","parent":"root"},{"transform":{"skY":60,"y":34,"skX":60,"x":19.200000000000003},"name":"bone21","parent":"root"},{"transform":{"skY":120,"y":34,"skX":120,"x":-19.200000000000003},"name":"bone22","parent":"root"},{"transform":{"skY":180,"skX":180,"x":-38},"name":"bone23","parent":"root"},{"transform":{"skY":-60,"y":-34,"skX":-60,"x":19.200000000000003},"name":"bone24","parent":"root"},{"transform":{"skY":-120,"y":-34,"skX":-120,"x":-19.200000000000003},"name":"bone25","parent":"root"},{"transform":{"y":35.4},"name":"bone3","parent":"root"},{"transform":{"skY":60,"y":17.6,"skX":60,"x":-29.8},"name":"bone31","parent":"root"},{"transform":{"skY":120,"y":-17.6,"skX":120,"x":-29.8},"name":"bone32","parent":"root"},{"transform":{"skY":180,"y":-35.4,"skX":180},"name":"bone33","parent":"root"},{"transform":{"skY":-120,"y":-17.6,"skX":-120,"x":29.8},"name":"bone34","parent":"root"},{"transform":{"skY":-60,"y":17.6,"skX":-60,"x":29.8},"name":"bone35","parent":"root"}]},{"defaultActions":[{"gotoAndPlay":"huifu"}],"type":"Armature","frameRate":24,"skin":[{"slot":[{"display":[{"path":"huifu1","type":"image","name":"huifu1","transform":{}}],"name":"huifu1"},{"display":[{"path":"huifu2","type":"image","name":"huifu2","transform":{"y":1}}],"name":"huifu2"}],"name":""}],"aabb":{"width":31.200000000000003,"y":-15.600000000000001,"height":31.200000000000003,"x":-15.600000000000001},"ik":[],"animation":[{"playTimes":0,"frame":[],"slot":[{"colorFrame":[],"displayFrame":[],"name":"huifu2"},{"colorFrame":[],"displayFrame":[],"name":"huifu1"}],"duration":20,"name":"huifu","bone":[{"translateFrame":[{"duration":20}],"rotateFrame":[{"duration":20}],"name":"root","scaleFrame":[{"duration":20}]},{"translateFrame":[{"tweenEasing":0,"duration":2},{"tweenEasing":0,"duration":2},{"tweenEasing":0,"duration":2},{"tweenEasing":0,"duration":10},{"tweenEasing":0,"duration":2},{"tweenEasing":0,"duration":2},{"duration":0}],"rotateFrame":[{"tweenEasing":0,"duration":2},{"tweenEasing":0,"duration":2},{"tweenEasing":0,"duration":2},{"tweenEasing":0,"duration":10},{"tweenEasing":0,"duration":2},{"tweenEasing":0,"duration":2},{"duration":0}],"name":"huifu1","scaleFrame":[{"tweenEasing":0,"duration":2},{"tweenEasing":0,"duration":2},{"x":1.1,"y":1.1,"tweenEasing":0,"duration":2},{"tweenEasing":0,"duration":10},{"tweenEasing":0,"duration":2},{"x":1.1,"y":1.1,"tweenEasing":0,"duration":2},{"duration":0}]},{"translateFrame":[{"tweenEasing":0,"duration":2},{"tweenEasing":0,"duration":2},{"tweenEasing":0,"duration":3},{"tweenEasing":0,"duration":2},{"tweenEasing":0,"duration":2},{"tweenEasing":0,"duration":3},{"tweenEasing":0,"duration":2},{"tweenEasing":0,"duration":2},{"duration":2}],"rotateFrame":[{"tweenEasing":0,"duration":2},{"tweenEasing":0,"duration":2},{"tweenEasing":0,"duration":3},{"tweenEasing":0,"duration":2},{"tweenEasing":0,"duration":2},{"tweenEasing":0,"duration":3},{"tweenEasing":0,"duration":2},{"tweenEasing":0,"duration":2},{"duration":2}],"name":"huifu2","scaleFrame":[{"tweenEasing":0,"duration":2},{"x":1.3,"y":1.3,"tweenEasing":0,"duration":2},{"tweenEasing":0,"duration":3},{"x":0.5,"y":0.5,"tweenEasing":0,"duration":2},{"x":0.7,"y":0.7,"tweenEasing":0,"duration":2},{"x":0.5,"y":0.5,"tweenEasing":0,"duration":3},{"tweenEasing":0,"duration":2},{"x":1.3,"y":1.3,"tweenEasing":0,"duration":2},{"duration":2}]}],"ffd":[]}],"slot":[{"color":{},"name":"huifu2","parent":"huifu2"},{"z":1,"color":{},"name":"huifu1","parent":"huifu1"}],"name":"HPhuifu","bone":[{"name":"root","transform":{}},{"transform":{},"name":"huifu1","parent":"root"},{"transform":{},"name":"huifu2","parent":"root"}]}],"name":"XFJtexiao_ske","version":"5.5"}