{"SubTexture":[{"frameX":-10,"frameHeight":77,"y":1,"frameY":0,"frameWidth":200,"width":190,"height":77,"name":"baozha1","x":1},{"width":120,"y":80,"height":120,"name":"baozha2","x":1},{"width":76,"y":80,"height":76,"name":"baozha3","x":123},{"width":20,"y":34,"height":22,"name":"hudun1","x":193},{"width":9,"y":19,"height":20,"name":"hudun2","x":226},{"width":20,"y":58,"height":16,"name":"hudun3","x":193},{"width":19,"y":1,"height":16,"name":"huifu2","x":226},{"width":31,"y":1,"height":31,"name":"huifu1","x":193}],"width":256,"height":256,"name":"XFJtexiao_ske","imagePath":"XFJtexiao_ske_tex.png"}